,precision,recall,f1-score,support
Apple___Apple_scab,1.0,0.9830508474576272,0.9914529914529915,59.0
Apple___Black_rot,0.9827586206896551,1.0,0.991304347826087,57.0
Apple___Cedar_apple_rust,1.0,0.9354838709677419,0.9666666666666667,31.0
Apple___healthy,0.9943181818181818,1.0,0.9971509971509972,175.0
Blueberry___healthy,1.0,1.0,1.0,156.0
Cherry_including_sour___Powdery_mildew,1.0,0.991304347826087,0.9956331877729258,115.0
Cherry_including_sour___healthy,1.0,0.9795918367346939,0.9896907216494846,98.0
Corn_maize___Cercospora_leaf_spot Gray_leaf_spot,0.9361702127659575,0.8,0.8627450980392157,55.0
Corn_maize___Common_rust_,0.991304347826087,1.0,0.9956331877729258,114.0
Corn_maize___Northern_Leaf_Blight,0.9173553719008265,0.9736842105263158,0.9446808510638298,114.0
Corn_maize___healthy,1.0,1.0,1.0,118.0
Grape___Black_rot,1.0,1.0,1.0,134.0
Grape___Esca_Black_Measles,1.0,1.0,1.0,137.0
Grape___Leaf_blight_Isariopsis_Leaf_Spot,1.0,1.0,1.0,111.0
Grape___healthy,1.0,1.0,1.0,43.0
Orange___Haunglongbing_Citrus_greening,1.0,1.0,1.0,562.0
Peach___Bacterial_spot,0.986046511627907,1.0,0.9929742388758782,212.0
Peach___healthy,1.0,1.0,1.0,33.0
Pepper _bell___Bacterial_spot,0.972972972972973,1.0,0.9863013698630136,108.0
Pepper _bell___healthy,1.0,0.9938271604938271,0.9969040247678018,162.0
Potato___Early_blight,0.9690721649484536,1.0,0.9842931937172775,94.0
Potato___Late_blight,1.0,0.970873786407767,0.9852216748768473,103.0
Potato___healthy,0.9285714285714286,0.9285714285714286,0.9285714285714286,14.0
Raspberry___healthy,1.0,1.0,1.0,42.0
Soybean___healthy,0.9937888198757764,0.997920997920998,0.995850622406639,481.0
Squash___Powdery_mildew,0.9945054945054945,1.0,0.9972451790633609,181.0
Strawberry___Leaf_scorch,1.0,1.0,1.0,103.0
Strawberry___healthy,1.0,1.0,1.0,53.0
Tomato___Bacterial_spot,0.9955947136563876,0.9741379310344828,0.9847494553376906,232.0
Tomato___Early_blight,0.9375,0.8620689655172413,0.8982035928143712,87.0
Tomato___Late_blight,0.9468085106382979,0.9834254143646409,0.964769647696477,181.0
Tomato___Leaf_Mold,0.991304347826087,0.9661016949152542,0.9785407725321889,118.0
Tomato___Septoria_leaf_spot,0.9565217391304348,0.9658536585365853,0.9611650485436893,205.0
Tomato___Spider_mites-Two-spotted_spider_mite,0.9869281045751634,0.825136612021858,0.8988095238095238,183.0
Tomato___Target_Spot,0.8982035928143712,0.9493670886075949,0.9230769230769231,158.0
Tomato___Tomato_Yellow_Leaf_Curl_Virus,0.9981447124304267,0.9981447124304267,0.9981447124304267,539.0
Tomato___Tomato_mosaic_virus,1.0,1.0,1.0,35.0
Tomato___healthy,0.8776595744680851,1.0,0.9348441926345609,165.0
accuracy,0.9822198275862069,0.9822198275862069,0.9822198275862069,0.9822198275862069
macro avg,0.9804086690274209,0.9757511727456466,0.9774900960635059,5568.0
weighted avg,0.9828743999665542,0.9822198275862069,0.9820316161599453,5568.0
