,Apple___Apple_scab,Apple___Black_rot,Apple___Cedar_apple_rust,Apple___healthy,Blueberry___healthy,Cherry_including_sour___Powdery_mildew,Cherry_including_sour___healthy,Corn_maize___Cercospora_leaf_spot Gray_leaf_spot,Corn_maize___Common_rust_,Corn_maize___Northern_Leaf_Blight,Corn_maize___healthy,Grape___Black_rot,Grape___Esca_Black_Measles,Grape___Leaf_blight_Isariopsis_Leaf_Spot,Grape___healthy,Orange___Haunglongbing_Citrus_greening,Peach___Bacterial_spot,Peach___healthy,Pepper _bell___Bacterial_spot,Pepper _bell___healthy,Potato___Early_blight,Potato___Late_blight,Potato___healthy,Raspberry___healthy,Soybean___healthy,Squash___Powdery_mildew,Strawberry___Leaf_scorch,Strawberry___healthy,Tomato___Bacterial_spot,Tomato___Early_blight,Tomato___Late_blight,Tomato___Leaf_Mold,Tomato___Septoria_leaf_spot,Tomato___Spider_mites-Two-spotted_spider_mite,Tomato___Target_Spot,Tomato___Tomato_Yellow_Leaf_Curl_Virus,Tomato___Tomato_mosaic_virus,Tomato___healthy
Apple___Apple_scab,58,0,0,0,0,0,0,0,0,0,0,0,0,0,0,0,1,0,0,0,0,0,0,0,0,0,0,0,0,0,0,0,0,0,0,0,0,0
Apple___Black_rot,0,57,0,0,0,0,0,0,0,0,0,0,0,0,0,0,0,0,0,0,0,0,0,0,0,0,0,0,0,0,0,0,0,0,0,0,0,0
Apple___Cedar_apple_rust,0,1,29,0,0,0,0,0,0,0,0,0,0,0,0,0,1,0,0,0,0,0,0,0,0,0,0,0,0,0,0,0,0,0,0,0,0,0
Apple___healthy,0,0,0,175,0,0,0,0,0,0,0,0,0,0,0,0,0,0,0,0,0,0,0,0,0,0,0,0,0,0,0,0,0,0,0,0,0,0
Blueberry___healthy,0,0,0,0,156,0,0,0,0,0,0,0,0,0,0,0,0,0,0,0,0,0,0,0,0,0,0,0,0,0,0,0,0,0,0,0,0,0
Cherry_including_sour___Powdery_mildew,0,0,0,0,0,114,0,0,0,0,0,0,0,0,0,0,0,0,0,0,0,0,0,0,0,0,0,0,0,0,0,0,0,0,0,0,0,1
Cherry_including_sour___healthy,0,0,0,0,0,0,96,0,0,0,0,0,0,0,0,0,0,0,0,0,0,0,0,0,1,1,0,0,0,0,0,0,0,0,0,0,0,0
Corn_maize___Cercospora_leaf_spot Gray_leaf_spot,0,0,0,0,0,0,0,44,1,10,0,0,0,0,0,0,0,0,0,0,0,0,0,0,0,0,0,0,0,0,0,0,0,0,0,0,0,0
Corn_maize___Common_rust_,0,0,0,0,0,0,0,0,114,0,0,0,0,0,0,0,0,0,0,0,0,0,0,0,0,0,0,0,0,0,0,0,0,0,0,0,0,0
Corn_maize___Northern_Leaf_Blight,0,0,0,0,0,0,0,3,0,111,0,0,0,0,0,0,0,0,0,0,0,0,0,0,0,0,0,0,0,0,0,0,0,0,0,0,0,0
Corn_maize___healthy,0,0,0,0,0,0,0,0,0,0,118,0,0,0,0,0,0,0,0,0,0,0,0,0,0,0,0,0,0,0,0,0,0,0,0,0,0,0
Grape___Black_rot,0,0,0,0,0,0,0,0,0,0,0,134,0,0,0,0,0,0,0,0,0,0,0,0,0,0,0,0,0,0,0,0,0,0,0,0,0,0
Grape___Esca_Black_Measles,0,0,0,0,0,0,0,0,0,0,0,0,137,0,0,0,0,0,0,0,0,0,0,0,0,0,0,0,0,0,0,0,0,0,0,0,0,0
Grape___Leaf_blight_Isariopsis_Leaf_Spot,0,0,0,0,0,0,0,0,0,0,0,0,0,111,0,0,0,0,0,0,0,0,0,0,0,0,0,0,0,0,0,0,0,0,0,0,0,0
Grape___healthy,0,0,0,0,0,0,0,0,0,0,0,0,0,0,43,0,0,0,0,0,0,0,0,0,0,0,0,0,0,0,0,0,0,0,0,0,0,0
Orange___Haunglongbing_Citrus_greening,0,0,0,0,0,0,0,0,0,0,0,0,0,0,0,562,0,0,0,0,0,0,0,0,0,0,0,0,0,0,0,0,0,0,0,0,0,0
Peach___Bacterial_spot,0,0,0,0,0,0,0,0,0,0,0,0,0,0,0,0,212,0,0,0,0,0,0,0,0,0,0,0,0,0,0,0,0,0,0,0,0,0
Peach___healthy,0,0,0,0,0,0,0,0,0,0,0,0,0,0,0,0,0,33,0,0,0,0,0,0,0,0,0,0,0,0,0,0,0,0,0,0,0,0
Pepper _bell___Bacterial_spot,0,0,0,0,0,0,0,0,0,0,0,0,0,0,0,0,0,0,108,0,0,0,0,0,0,0,0,0,0,0,0,0,0,0,0,0,0,0
Pepper _bell___healthy,0,0,0,0,0,0,0,0,0,0,0,0,0,0,0,0,0,0,1,161,0,0,0,0,0,0,0,0,0,0,0,0,0,0,0,0,0,0
Potato___Early_blight,0,0,0,0,0,0,0,0,0,0,0,0,0,0,0,0,0,0,0,0,94,0,0,0,0,0,0,0,0,0,0,0,0,0,0,0,0,0
Potato___Late_blight,0,0,0,0,0,0,0,0,0,0,0,0,0,0,0,0,0,0,0,0,1,100,1,0,0,0,0,0,0,0,1,0,0,0,0,0,0,0
Potato___healthy,0,0,0,0,0,0,0,0,0,0,0,0,0,0,0,0,0,0,0,0,0,0,13,0,1,0,0,0,0,0,0,0,0,0,0,0,0,0
Raspberry___healthy,0,0,0,0,0,0,0,0,0,0,0,0,0,0,0,0,0,0,0,0,0,0,0,42,0,0,0,0,0,0,0,0,0,0,0,0,0,0
Soybean___healthy,0,0,0,1,0,0,0,0,0,0,0,0,0,0,0,0,0,0,0,0,0,0,0,0,480,0,0,0,0,0,0,0,0,0,0,0,0,0
Squash___Powdery_mildew,0,0,0,0,0,0,0,0,0,0,0,0,0,0,0,0,0,0,0,0,0,0,0,0,0,181,0,0,0,0,0,0,0,0,0,0,0,0
Strawberry___Leaf_scorch,0,0,0,0,0,0,0,0,0,0,0,0,0,0,0,0,0,0,0,0,0,0,0,0,0,0,103,0,0,0,0,0,0,0,0,0,0,0
Strawberry___healthy,0,0,0,0,0,0,0,0,0,0,0,0,0,0,0,0,0,0,0,0,0,0,0,0,0,0,0,53,0,0,0,0,0,0,0,0,0,0
Tomato___Bacterial_spot,0,0,0,0,0,0,0,0,0,0,0,0,0,0,0,0,0,0,0,0,0,0,0,0,0,0,0,0,226,0,3,0,3,0,0,0,0,0
Tomato___Early_blight,0,0,0,0,0,0,0,0,0,0,0,0,0,0,0,0,0,0,1,0,1,0,0,0,0,0,0,0,1,75,4,0,4,0,0,1,0,0
Tomato___Late_blight,0,0,0,0,0,0,0,0,0,0,0,0,0,0,0,0,1,0,0,0,1,0,0,0,0,0,0,0,0,1,178,0,0,0,0,0,0,0
Tomato___Leaf_Mold,0,0,0,0,0,0,0,0,0,0,0,0,0,0,0,0,0,0,0,0,0,0,0,0,1,0,0,0,0,0,0,114,0,0,2,0,0,1
Tomato___Septoria_leaf_spot,0,0,0,0,0,0,0,0,0,0,0,0,0,0,0,0,0,0,0,0,0,0,0,0,0,0,0,0,0,3,1,1,198,0,1,0,0,1
Tomato___Spider_mites-Two-spotted_spider_mite,0,0,0,0,0,0,0,0,0,0,0,0,0,0,0,0,0,0,0,0,0,0,0,0,0,0,0,0,0,0,1,0,1,151,14,0,0,16
Tomato___Target_Spot,0,0,0,0,0,0,0,0,0,0,0,0,0,0,0,0,0,0,0,0,0,0,0,0,0,0,0,0,0,1,0,0,1,2,150,0,0,4
Tomato___Tomato_Yellow_Leaf_Curl_Virus,0,0,0,0,0,0,0,0,0,0,0,0,0,0,0,0,0,0,1,0,0,0,0,0,0,0,0,0,0,0,0,0,0,0,0,538,0,0
Tomato___Tomato_mosaic_virus,0,0,0,0,0,0,0,0,0,0,0,0,0,0,0,0,0,0,0,0,0,0,0,0,0,0,0,0,0,0,0,0,0,0,0,0,35,0
Tomato___healthy,0,0,0,0,0,0,0,0,0,0,0,0,0,0,0,0,0,0,0,0,0,0,0,0,0,0,0,0,0,0,0,0,0,0,0,0,0,165
