epoch,phase,accuracy,val_accuracy,loss,val_loss
1,head,0.8248612880706787,0.9135516285896301,0.5695133209228516,0.26867571473121643
2,head,0.8557906150817871,0.9208793044090271,0.4824986159801483,0.24769897758960724
3,head,0.8644015789031982,0.9234764575958252,0.4680638313293457,0.23974056541919708
4,head,0.8699068427085876,0.9311752319335938,0.4548446834087372,0.22228339314460754
5,head,0.8741220235824585,0.9282997846603394,0.4445312023162842,0.23051990568637848
6,head,0.8759270310401917,0.9279287457466125,0.44578319787979126,0.23388153314590454
7,head,0.878485918045044,0.9285780787467957,0.4387284219264984,0.2633135914802551
8,finetune,0.912621796131134,0.914293646812439,0.31861913204193115,0.3388671278953552
9,finetune,0.9558888077735901,0.9563120007514954,0.1509971022605896,0.18897424638271332
10,finetune,0.9687680602073669,0.9538076519966125,0.10589786618947983,0.22667387127876282
11,finetune,0.9756112098693848,0.9660513997077942,0.08086001873016357,0.15239809453487396
12,finetune,0.9800758957862854,0.973935604095459,0.06580372154712677,0.11262312531471252
13,finetune,0.983356773853302,0.9785734415054321,0.05507025867700577,0.09320096671581268
14,finetune,0.9847530126571655,0.9820053577423096,0.04955125227570534,0.07568328827619553
15,finetune,0.9869667887687683,0.972358763217926,0.04215049743652344,0.10717243701219559
16,finetune,0.9885382056236267,0.9743066430091858,0.037284743040800095,0.11186140030622482
17,finetune,0.9887717962265015,0.9788516759872437,0.0356706865131855,0.08555682748556137
